COT generation prompt,"I am creating a dataset to ""fine tune"" a model to produce chain-of-thought responses, Given the following prompt and response, could you convert the response to a chain-of-thought answer please?

The response must consider

1. The assumptions being made - i.e. wordings changed possibly, and why those assumptions are being made
2. The position, size and orientation of the object relative to the object asking to be modified/changed (so if someone says, put a box on the right of the sphere, one needs to take into account the position and size of the sphere)
3. The new size and orientation of the object added/changed
4. Then on the basis of the above 2 points, come up with an answer to where the object should be placed
5. If an image is added to the response - be extra descriptive of the image (to reduce ambiguity in the final result)

do not add any extra details to the response (such as ""here is the new response""), to the start or end - to make it easy to paste the new response in a spreadsheet
assume the response is correct - just add the COT to reach the response (and add it in the end)

Prompt
----------
given the following openscad <openscad>, <prompt>

Response
-------------
<response>","I haven't used the left prompt for every answer, it would've taken too long",,
,,,,
id,Did GPT-4o succeed at this?,Initial OpenSCAD,Prompt,Final OpenSCAD with COT
1,yes,"// Base plane
cube([100, 100, 1], center=true);",Can you add a wall perpendicular to the base please?,"#### **1. Assumptions Being Made**  
1. The request is to **attach a wall to the base** and have it **perpendicular** to the base.  
   - ""Attached"" means direct contact with the base.  
   - ""Perpendicular"" means the wall should stand at a **90-degree angle** relative to the base.  

2. **No position for the wall is specified** (e.g., left, right, front, back).  
   - A reasonable assumption is to place it **along one of the edges** of the base.  
   - The **X-direction** is chosen arbitrarily for consistency.  

3. **The wall's thickness is not specified**, but we assume it follows a reasonable default.  
   - Since the previous cuboid-like structures used `cuboid_thickness=5`, we maintain that.  

4. **The height of the wall is unspecified**, so we assume a logical default.  
   - Based on the original module, we assume a height of **50**.  

---

#### **2. Positioning, Size, and Orientation**  
1. **Base Positioning**  
   - The base spans `100 x 100` in the XY plane with a thickness of `1`, and it's centered at the origin.  

2. **Wall Size**  
   - The **height** of the wall is assumed to be `50`.  
   - The **thickness** is assumed to be `5`.  
   - The **width** of the wall matches the **size_y of the base** (`100`), so it spans across the full width.  

3. **Wall Placement**  
   - The wall should be positioned **along the right edge** of the base.  
   - Since the base is centered at the origin, its right edge is at `x = 50`.  
   - The wall is centered on this edge, meaning we must **offset it by half of its thickness** (`5/2 = 2.5`).  
   - Its **Z-position** is set so that its bottom aligns with the base, meaning its center is at `z = height/2 = 25`.  

---

```openscad
// Base plane
cube([100, 100, 1], center=true);

// Perpendicular wall along the right edge
translate([50 - 2.5, 0, 25])
    cube([5, 100, 50], center=true);
```"
2,"Initially no, with COT yes","// Base plane
cube([100, 100, 1], center=true);

// Perpendicular wall along the right edge
translate([50 - 2.5, 0, 25])
    cube([5, 100, 50], center=true);","Can you add another wall, perpendicular to both walls please?","#### **1. Assumptions Being Made**  
1. The request is to **add another wall perpendicular to both existing structures**:  
   - The **base** is a flat `100x100x1` plane.  
   - The **first wall** is already placed along the right edge of the base and is **perpendicular to it**.  
   - The **new wall must be perpendicular to both the base and the first wall**, forming an **L-shape or corner structure**.  

2. **Positioning the new wall**  
   - Since the first wall spans along the **X-axis**, a logical placement for the new wall is **along the Y-axis**, intersecting the first wall at a right angle.  
   - The most natural choice is to place the new wall at the **back edge** of the base (`y = 50`).  

3. **Size and Dimensions**  
   - The new wall should have the same **height** (`50`) and **thickness** (`5`) as the first wall for consistency.  
   - The **width** should match `size_x` (`100`), spanning the full length of the base.  
   - Its **Z-position** is set so that its bottom aligns with the base (`z = 25`).  
   - The **X-position** is centered at `x = 0`, so the wall runs symmetrically along the Y-axis.  

---

#### **2. Positioning, Size, and Orientation of the Second Wall**  
- The new wall spans along the **X-axis** with dimensions `[100, 5, 50]`.  
- It must be positioned at `y = 50 - 2.5 = 47.5` to align correctly with the back edge.  
- Its **Z-coordinate** remains `z = 25` to align with the base.  

---

```openscad
// Base plane
cube([100, 100, 1], center=true);

// First wall along the right edge
translate([50 - 2.5, 0, 25])
    cube([5, 100, 50], center=true);

// Second wall along the back edge
translate([0, 50 - 2.5, 25])
    cube([100, 5, 50], center=true);
```"
3,didn't try,"// Base plane
cube([100, 100, 1], center=true);

// First wall along the right edge
translate([50 - 2.5, 0, 25])
    cube([5, 100, 50], center=true);

// Second wall along the back edge
translate([0, 50 - 2.5, 25])
    cube([100, 5, 50], center=true);","add a third wall to the above, perpendicular to both the first and second wall","#### **1. Assumptions Being Made**  
1. The request is to **add a third wall that is perpendicular to both the first and second walls**:  
   - The **base** is a flat `100x100x1` plane.  
   - The **first wall** is positioned along the **right edge** of the base, running along the Y-axis.  
   - The **second wall** is positioned along the **back edge**, running along the X-axis.  
   - The **third wall** must be **perpendicular to both existing walls**, meaning it must form a **corner structure** by closing the open side opposite the first wall.  

2. **Positioning the Third Wall**  
   - Since the first wall is placed along `x = 50`, the **third wall should be placed on the left edge at `x = -50`**, mirroring the first wall.  
   - The wall should have the same **height** (`50`), **thickness** (`5`), and **width** (`100`, spanning along the Y-axis).  
   - Its **Z-coordinate** should be `z = 25`, ensuring its base aligns with the floor.  

---

#### **2. Positioning, Size, and Orientation of the Third Wall**  
- The **third wall** spans along the **Y-axis**, similar to the first wall.  
- It must be positioned at **`x = -50 + 2.5 = -47.5`**, aligning symmetrically with the left edge of the base.  
- The **Z-coordinate** remains `z = 25` to ensure it sits correctly on the base.  

---

```openscad
// Base plane
cube([100, 100, 1], center=true);

// First wall along the right edge
translate([50 - 2.5, 0, 25])
    cube([5, 100, 50], center=true);

// Second wall along the back edge
translate([0, 50 - 2.5, 25])
    cube([100, 5, 50], center=true);

// Third wall along the left edge
translate([-50 + 2.5, 0, 25])
    cube([5, 100, 50], center=true);
```"
4,no,,"In openscad, make me a semicircle","The request is to create a semicircle in OpenSCAD.

**Assumptions Being Made:**  
1. The prompt does not specify the size of the semicircle, so a reasonable default (radius 50) is used.  
2. The user also does not specify the area of the semicircle that should remain - we make the assumption of removing the left half
3. The semicircle must be created from a full circle by keeping the left half and removing the right half.  
4. The semicircle's orientation is not explicitly defined, so it is assumed to be aligned with the Cartesian coordinate system.  
5. The method used involves intersecting a full circle with a rectangular region covering the left side, ensuring that only the overlapping portion remains.  

**Position, Size, and Orientation Considerations:**  
1. A full circle with a radius of 50 is generated, giving it a total width (diameter) of 100.  
2. A rectangle (square function) of size [100, 50] is used to cover the left half of the circle.  
3. The rectangle is positioned at [-50, -50], ensuring that it fully covers the left side of the circle while allowing the right half to be removed.  

**New Size and Orientation of the Object:**  
1. The semicircle retains a radius of 50, spanning from (-50,0) to (0,0) on the x-axis and from (0,-50) to (0,50) on the y-axis.  
2. The object is then extruded in the z-direction, giving it a height of 5 and turning it into a semicylindrical 3D shape.  

**Final Placement Considerations:**  
1. The semicircle is created by intersecting the full circle with a rectangular region covering the left half.  
2. Since only the intersecting portion remains, the left semicircle is the final output.  

**Final Code with Chain of Thought Justification:**  
```openscad
linear_extrude(height=5) {  // Giving the 2D shape a height of 5 in the z-axis
    intersection() {  // Creating a semicircle by intersecting a full circle with a rectangle
        circle(50);  // Full circle with radius 50
        translate([-50, -50, 0]) square([100, 50], center=false);  // Covering the left half
    }
}
```"
5,didn't try,,"In openscad, make me a right semicircle","The request is to create a right semicircle in OpenSCAD.

**Assumptions Being Made:**  
1. The prompt does not specify the size of the semicircle, so a reasonable default (radius 50) is used.  
2. The semicircle must be created from a full circle by keeping the right half and removing the left half.  
3. The semicircle's orientation is not explicitly defined, so it is assumed to be aligned with the Cartesian coordinate system.  
4. The method used involves intersecting a full circle with a rectangular region covering the right side, ensuring that only the overlapping portion remains.  

**Position, Size, and Orientation Considerations:**  
1. A full circle with a radius of 50 is generated, giving it a total width (diameter) of 100.  
2. A rectangle (square function) of size [100, 50] is used to cover the right half of the circle.  
3. The rectangle is positioned at [0, -50], ensuring that it fully covers the right side of the circle so it intersects with the right half of the circle

**New Size and Orientation of the Object:**  
1. The semicircle retains a radius of 50, spanning from (0,0) to (50,0) on the x-axis and from (0,-50) to (0,50) on the y-axis.  
2. The object is then extruded in the z-direction, giving it a height of 5 and turning it into a semicylindrical 3D shape.  

**Final Placement Considerations:**  
1. The semicircle is created by intersecting the full circle with a rectangular region covering the right half.  
2. Since only the intersecting portion remains, the right semicircle is the final output.  

**Final Code with Chain of Thought Justification:**  
```openscad
linear_extrude(height=5) {  // Giving the 2D shape a height of 5 in the z-axis
    intersection() {  // Creating a semicircle by intersecting a full circle with a rectangle
        circle(50);  // Full circle with radius 50
        translate([0, -50, 0]) square([100, 50], center=false);  // Covering the right half
    }
}
```"
6,didn't try,,"In openscad, make me a top semicircle (of the top half only)","The request is to create a top semicircle in OpenSCAD.

**Assumptions Being Made:**  
1. The prompt does not specify the size of the semicircle, so a reasonable default (radius 50) is used.  
2. The semicircle must be created from a full circle by keeping the bottom half and removing the top half.  
3. The semicircle's orientation is not explicitly defined, so it is assumed to be aligned with the Cartesian coordinate system.  
4. The method used involves intersecting a full circle with a rectangular shape covering the top portion, ensuring that only the overlapping part remains.  

**Position, Size, and Orientation Considerations:**  
1. A full circle with a radius of 50 is generated, giving it a total width (diameter) of 100.  
2. A rectangle (square function) of size [50, 100] is used to cover the top half of the circle.  
3. The rectangle is positioned at [-50, -50], ensuring that it covers the top half corner

**New Size and Orientation of the Object:**  
1. The semicircle retains a radius of 50, spanning from (-50,0) to (50,0) on the x-axis and from (0,-50) to (0,0) on the y-axis.  
2. The object is then extruded in the z-direction, giving it a height of 5 and turning it into a semicylindrical 3D shape.  

**Final Placement Considerations:**  
1. The semicircle is created by intersecting the full circle with a rectangle covering the top half.  
2. This ensures that only the bottom half remains, positioned correctly as intended.  

**Final Code with Chain of Thought Justification:**  
```openscad
linear_extrude(height=5) {  // Giving the 2D shape a height of 5 in the z-axis
    intersection() {  // Creating a semicircle by intersecting a full circle with a rectangle
        circle(50);  // Full circle with radius 50
        translate([-50, -50, 0]) square([50, 100], center=false);  // Overlapping the top half
    }
}
```"
7,didn't try,,"In openscad, make me a bottom semicircle (with the bottom half only)","The request is to create a bottom semicircle in OpenSCAD.

**Assumptions Being Made:**  
1. The prompt does not specify the size of the semicircle, so a reasonable default (radius 50) is used.  
2. The semicircle must be created from a full circle by keeping the bottom half and removing the top half.  
3. The semicircle's orientation is not explicitly defined, so it is assumed to be aligned with the Cartesian coordinate system.  
4. The method used involves intersecting a full circle with a rectangular region covering the bottom half, ensuring that only the overlapping portion remains.  

**Position, Size, and Orientation Considerations:**  
1. A full circle with a radius of 50 is generated, giving it a total width (diameter) of 100.  
2. A rectangle (square function) of size [50, 100] is used to cover the bottom half of the circle.  
3. The rectangle is positioned at [0, -50], ensuring that it fully covers the bottom side of the circle.  

**New Size and Orientation of the Object:**  
1. The semicircle retains a radius of 50, spanning from (-50,0) to (50,0) on the x-axis and from (0,-50) to (0,0) on the y-axis.  
2. The object is then extruded in the z-direction, giving it a height of 5 and turning it into a semicylindrical 3D shape.  

**Final Placement Considerations:**  
1. The semicircle is created by intersecting the full circle with a rectangular region covering the bottom half.  
2. Since only the intersecting portion remains, the bottom semicircle is the final output.  

**Final Code with Chain of Thought Justification:**  
```openscad
linear_extrude(height=5) {  // Giving the 2D shape a height of 5 in the z-axis
    intersection() {  // Creating a semicircle by intersecting a full circle with a rectangle
        circle(50);  // Full circle with radius 50
        translate([0, -50, 0]) square([50, 100], center=false);  // Covering the bottom half so that only the bottom semicircle remains
    }
}
```"